<?xml version="1.0" encoding="UTF-8"?>
<clanci>
  <clanak id="1">
    <naslov>Đoković odao posebno priznanje Ivaniševiću: ‘Posebna zahvala mojoj stijeni. Znam da sam zahtjevan i težak...‘</naslov>
    <slika>djoka.jpg</slika>
    <datum>2023-06-09</datum>
    <sadrzaj>"Znam da sam zahtjevan i težak, pogotovo na dnevnoj bazi. Ali želim zahvaliti posebno svojoj stijeni, vama koji me najviše podržavate i koji znate što sam sve prošao i što prolazim svakodnevno", na što je popularni Zec razvukao osmijeh i aplauzom popratio sve te komplimente najvećeg tenisača u povijesti.</sadrzaj>
  </clanak>
    <clanak id="2">
    <naslov>Voditelj ‘Otvorenog‘ izdao uvredljivo upozorenje preko radija, žene su potom zasule uredništvo ljutim porukama...</naslov>
    <slika>fil.webp</slika>
    <datum>2023-06-11</datum>
    <sadrzaj>Fil Tilen, voditelj Otvorenog radija, je u nedjelju poslijepodne izdao "upozorenje" za slušatelje. Naime, rekao je da je danas na cestama zabilježeno puno žena i umirovljenika i da se ljudi paze dok su u vožnji.

Dodao je, navode nam čitatelji, da se ljudi paze jer se ne zna gdje će ti vozači (žene i umirovljenici), skrenuti, tj. u kojem će smjeru vozilo otići. Možda je mislio da ne znaju upaliti žmigavce?

Na to nekulturnu opasku su se javile ogorčene slušateljice navedenog radija, jedna navodi da je ona dugogodišnja i iskusna vozačica i zamjerila mu je takvu izjavu.

Tilen se, koliko su nam rekli slušatelji, nije previše osvrtao na ljutu ženu, naveo je samo da su njegove šale takve.</sadrzaj>

  </clanak>
    <clanak id="3">
    <naslov>Stravičan detalj među cvijećem ispred beogradske škole u kojoj je počinjen masakr, hitno pozvana policija</naslov>
    <slika>cvece.jpg</slika>
    <datum>2023-06-04</datum>
    <sadrzaj>Brojni Beograđani od jutra se okupljaju na Vračaru, ispred OŠ ‘Vladislav Ribnikar‘ gdje obilježavaju 40 dana od nezapamćenog zločina kada je Kosta K. u prostorijama škole s očevim pištoljem ubio devetero djece i zaštitara, piše Nova RS.

Građani ostavljaju svijeće, cvijeće i plišane igračke, a među građanima koji su željeli odati počast, našao se i ministar Rade Basta koji je položio buket cvijeća.</sadrzaj>
  </clanak>
</clanci>